User ID,Gender,Age,EstimatedSalary,Purchased
15624510,Male,7800.000000,7950.000000,1
15810944,Male,7900.000000,7950.000000,1
15668575,Female,7925.000000,7950.000000,1
15603246,Female,7850.000000,7950.000000,1
15804002,Male,7900.000000,7950.000000,1
15728773,Male,7825.000000,7900.000000,1
15598044,Female,7875.000000,7900.000000,1
15694829,Female,7900.000000,7900.000000,0
15600575,Male,7925.000000,8000.000000,1
15727311,Female,8075.000000,8075.000000,0